# cat sortedrepos.csv | grep -v -e "^[01234]" | grep -o "github.com/[A-Za-z0-9_.-][A-Za-z0-9_.-]*" | sort | uniq | nl > mostactive_FINAL.csv
     1	github.com/artilleryio
     2	github.com/athensresearch
     3	github.com/chatwoot
     4	github.com/filamentgroup
     5	github.com/firezone
     6	github.com/flatpickr
     7	github.com/github
     8	github.com/mozdevs
     9	github.com/muicss
    10	github.com/pabio
    11	github.com/serverless
    12	github.com/twbs
    13	github.com/vuestorefront
    14	github.com/windmill
